water,earth,ocean,energy,planet,sea,years,ice,oil,fish
,people,time,life,day,back,years,love,laughter,story
music,art,play,film,song,artist,artists,piece,la,painting
food,water,forest,plants,trees,eat,plant,species,nature,waste
women,men,girls,woman,sex,black,gender,gay,female,sexual
universe,light,space,theory,science,stars,physics,planets,earth,particles
kids,school,students,education,game,play,teachers,children,learning,games
law,police,prison,justice,legal,crime,criminal,court,drug,violence
god,compassion,happiness,moral,religion,human,religious,life,happy,love
,people,things,time,make,world,years,thing,kind,lot
robot,robots,fly,body,legs,ants,arm,ai,animal,video
language,sound,words,voice,word,english,sounds,read,books,writing
data,internet,computer,information,technology,phone,online,digital,computers,media
cells,cancer,dna,cell,body,genes,gene,genome,bacteria,genetic
animals,species,animal,humans,africa,virus,flu,dinosaurs,vaccine,disease
city,design,cities,building,cars,car,buildings,space,architecture,built
crash,soap,glamour,glamorous,simplicity,paper,norden,sauce,howard,abed
trust,choice,choices,company,buy,money,business,market,organizations,brand
people,war,political,world,country,power,government,democracy,states,united
people,world,percent,countries,money,country,dollars,years,africa,year
brain,health,patients,disease,medical,care,patient,heart,doctors,blood
